<?xml version="1.0" encoding="UTF-8" ?>
<!-- This is a WordPress eXtended RSS file generated by WordPress as an export of your site. -->
<!-- It contains information about your site's posts, pages, comments, categories, and other content. -->
<!-- You may use this file to transfer that content from one site to another. -->
<!-- This file is not intended to serve as a complete backup of your site. -->

<!-- To import this information into a WordPress site follow these steps: -->
<!-- 1. Log in to that site as an administrator. -->
<!-- 2. Go to Tools: Import in the WordPress admin panel. -->
<!-- 3. Install the "WordPress" importer from the list. -->
<!-- 4. Activate & Run Importer. -->
<!-- 5. Upload this file using the form provided on that page. -->
<!-- 6. You will first be asked to map the authors in this export file to users -->
<!--    on the site. For each author, you may choose to map to an -->
<!--    existing user on the site or to create a new user. -->
<!-- 7. WordPress will then import each of the posts, pages, comments, categories, etc. -->
<!--    contained in this file into your site. -->

<!-- generator="WordPress.com" created="2021-08-04 13:37"-->
<rss version="2.0"
	xmlns:excerpt="http://wordpress.org/export/1.2/excerpt/"
	xmlns:content="http://purl.org/rss/1.0/modules/content/"
	xmlns:wfw="http://wellformedweb.org/CommentAPI/"
	xmlns:dc="http://purl.org/dc/elements/1.1/"
	xmlns:wp="http://wordpress.org/export/1.2/"
>

<channel>
	<title>Nafiseh Farahzadi</title>
	<link>https://nafisehfarahzadi.wordpress.com</link>
	<description></description>
	<pubDate>Wed, 04 Aug 2021 13:37:15 +0000</pubDate>
	<language></language>
	<wp:wxr_version>1.2</wp:wxr_version>
	<wp:base_site_url>http://wordpress.com/</wp:base_site_url>
	<wp:base_blog_url>https://nafisehfarahzadi.wordpress.com</wp:base_blog_url>

	<wp:author><wp:author_id>209234366</wp:author_id><wp:author_login><![CDATA[nafisehfarahzadi]]></wp:author_login><wp:author_email><![CDATA[nafise.fa.96@gmail.com]]></wp:author_email><wp:author_display_name><![CDATA[nafisehfarahzadi]]></wp:author_display_name><wp:author_first_name><![CDATA[]]></wp:author_first_name><wp:author_last_name><![CDATA[]]></wp:author_last_name></wp:author>

	<wp:category><wp:term_id>1</wp:term_id><wp:category_nicename>uncategorized</wp:category_nicename><wp:category_parent></wp:category_parent><wp:cat_name><![CDATA[Uncategorized]]></wp:cat_name>
</wp:category>
	<wp:term><wp:term_id>1359</wp:term_id><wp:term_taxonomy>nav_menu</wp:term_taxonomy><wp:term_slug><![CDATA[primary]]></wp:term_slug><wp:term_name><![CDATA[Primary]]></wp:term_name>
</wp:term>

	<generator>http://wordpress.com/</generator>
<image>
		<url>http://s0.wp.com/i/buttonw-com.png</url>
		<title>Nafiseh Farahzadi</title>
		<link>https://nafisehfarahzadi.wordpress.com</link>
	</image>
		
	<item>
		<title>Home</title>
		<link>https://nafisehfarahzadi.wordpress.com/</link>
		<pubDate>Wed, 21 Jul 2021 11:53:56 +0000</pubDate>
		<dc:creator>nafisehfarahzadi</dc:creator>
		<guid isPermaLink="false">https://nafisehfarahzadi.wordpress.com/?page_id=5</guid>
		<description></description>
		<content:encoded><![CDATA[<!-- wp:cover {"url":"https:\/\/nafisehfarahzadi.files.wordpress.com\/2021\/07\/qi-bin-w4hbafegiac-unsplash.jpg","id":28,"dimRatio":10,"align":"full"} -->
<div class="wp-block-cover alignfull has-background-dim-10 has-background-dim"><img class="wp-block-cover__image-background wp-image-28" alt="" src="https://nafisehfarahzadi.files.wordpress.com/2021/07/qi-bin-w4hbafegiac-unsplash.jpg" data-object-fit="cover" /><div class="wp-block-cover__inner-container"><!-- wp:heading {"textAlign":"center","level":1,"className":"margin-bottom-half"} -->
<h1 class="has-text-align-center margin-bottom-half">Hello! I'm Nafiseh</h1>
<!-- /wp:heading -->

<!-- wp:paragraph -->
<p>I recently graduated with a master's degree in telecommunication engineering from University of Amirkabir (Tehran polytechnic). My strengths are in research and problem-solving. </p>
<!-- /wp:paragraph -->

<!-- wp:paragraph {"align":"center","className":"margin-top-half","style":{"color":{"text":"#ffffff"}}} -->
<p class="has-text-align-center margin-top-half has-text-color" style="color:#ffffff;"></p>
<!-- /wp:paragraph -->

<!-- wp:buttons {"contentJustification":"center"} -->
<div class="wp-block-buttons is-content-justification-center"><!-- wp:button {"style":{"border":{"radius":"2px"}}} -->
<div class="wp-block-button"><a class="wp-block-button__link" href="http://learn.wordpress.com" title="learn.wordpress.com" style="border-radius:2px;">Learn more</a></div>
<!-- /wp:button --></div>
<!-- /wp:buttons --></div></div>
<!-- /wp:cover -->

<!-- wp:spacer {"height":64} -->
<div style="height:64px;" aria-hidden="true" class="wp-block-spacer"></div>
<!-- /wp:spacer -->

<!-- wp:columns {"align":"wide"} -->
<div class="wp-block-columns alignwide"><!-- wp:column {"width":"67%"} -->
<div class="wp-block-column" style="flex-basis:67%;"><!-- wp:heading {"level":3,"style":{"typography":{"fontSize":30,"lineHeight":"1.2"}}} -->
<h3 style="font-size:30px;line-height:1.2;">Latest from the Blog</h3>
<!-- /wp:heading --></div>
<!-- /wp:column -->

<!-- wp:column {"width":"33%"} -->
<div class="wp-block-column" style="flex-basis:33%;"></div>
<!-- /wp:column --></div>
<!-- /wp:columns -->

<!-- wp:a8c/blog-posts {"imageShape":"uncropped","showAuthor":false,"showAvatar":false,"postLayout":"grid","typeScale":3,"align":"wide"} /-->

<!-- wp:spacer {"height":58} -->
<div style="height:58px;" aria-hidden="true" class="wp-block-spacer"></div>
<!-- /wp:spacer -->

<!-- wp:group {"align":"full","backgroundColor":"foreground-dark"} -->
<div class="wp-block-group alignfull has-foreground-dark-background-color has-background"><!-- wp:columns -->
<div class="wp-block-columns"><!-- wp:column {"width":"45%"} -->
<div class="wp-block-column" style="flex-basis:45%;"><!-- wp:paragraph {"align":"left","style":{"typography":{"fontSize":20,"lineHeight":"1.3"}}} -->
<p class="has-text-align-left" style="font-size:20px;line-height:1.3;">Get new content delivered directly to your inbox.</p>
<!-- /wp:paragraph --></div>
<!-- /wp:column -->

<!-- wp:column {"width":"55%"} -->
<div class="wp-block-column" style="flex-basis:55%;"><!-- wp:jetpack/subscriptions {"buttonBackgroundColor":"primary","textColor":"background","fontSize":"16px","customFontSize":"16px","borderRadius":2,"borderWeight":1,"padding":16} -->
<div class="wp-block-jetpack-subscriptions wp-block-jetpack-subscriptions__supports-newline">[jetpack_subscription_form show_subscribers_total="false" button_on_newline="false" custom_font_size="16px" custom_border_radius="2" custom_border_weight="1" custom_padding="16" custom_spacing="10" submit_button_classes="has-16-px-font-size has-text-color has-background-color has-background has-primary-background-color" email_field_classes="has-16-px-font-size" show_only_email_and_button="true"]</div>
<!-- /wp:jetpack/subscriptions --></div>
<!-- /wp:column --></div>
<!-- /wp:columns --></div>
<!-- /wp:group -->]]></content:encoded>
		<excerpt:encoded><![CDATA[]]></excerpt:encoded>
		<wp:post_id>5</wp:post_id>
		<wp:post_date>2021-07-21 11:53:56</wp:post_date>
		<wp:post_date_gmt>2021-07-21 11:53:56</wp:post_date_gmt>
		<wp:comment_status>closed</wp:comment_status>
		<wp:ping_status>closed</wp:ping_status>
		<wp:post_name>home</wp:post_name>
		<wp:status>publish</wp:status>
		<wp:post_parent>0</wp:post_parent>
		<wp:menu_order>1</wp:menu_order>
		<wp:post_type>page</wp:post_type>
		<wp:post_password></wp:post_password>
		<wp:is_sticky>0</wp:is_sticky>
		<wp:postmeta>
			<wp:meta_key>sharing_disabled</wp:meta_key>
			<wp:meta_value><![CDATA[a:1:{i:0;N;}]]></wp:meta_value>
		</wp:postmeta>
		<wp:postmeta>
			<wp:meta_key>switch_like_status</wp:meta_key>
			<wp:meta_value><![CDATA[a:1:{i:0;N;}]]></wp:meta_value>
		</wp:postmeta>
		<wp:postmeta>
			<wp:meta_key>_starter_page_template</wp:meta_key>
			<wp:meta_value><![CDATA[]]></wp:meta_value>
		</wp:postmeta>
		<wp:postmeta>
			<wp:meta_key>_publicize_pending</wp:meta_key>
			<wp:meta_value><![CDATA[1]]></wp:meta_value>
		</wp:postmeta>
		<wp:postmeta>
			<wp:meta_key>_last_editor_used_jetpack</wp:meta_key>
			<wp:meta_value><![CDATA[block-editor]]></wp:meta_value>
		</wp:postmeta>
	</item>
	<item>
		<title>Blog</title>
		<link>https://nafisehfarahzadi.wordpress.com/blog/</link>
		<pubDate>Wed, 21 Jul 2021 11:53:55 +0000</pubDate>
		<dc:creator>nafisehfarahzadi</dc:creator>
		<guid isPermaLink="false">https://nafisehfarahzadi.wordpress.com/?page_id=6</guid>
		<description></description>
		<content:encoded><![CDATA[<!-- wp:cover {"url":"https:\/\/iamtakashinuxtest20200131105336.files.wordpress.com\/2020\/01\/qi-bin-w4hbafegiac-unsplash.jpg","id":26,"dimRatio":10,"align":"full"} -->
<div class="wp-block-cover alignfull has-background-dim-10 has-background-dim" style="background-image:url('https://iamtakashinuxtest20200131105336.files.wordpress.com/2020/01/qi-bin-w4hbafegiac-unsplash.jpg');"><div class="wp-block-cover__inner-container"></div></div>
<!-- /wp:cover -->

<!-- wp:spacer {"height":64,"className":"desktop-only"} -->
<div style="height:64px;" aria-hidden="true" class="wp-block-spacer desktop-only"></div>
<!-- /wp:spacer -->

<!-- wp:a8c/blog-posts {"moreButton":true,"showAvatar":false,"postsToShow":10} /-->

<!-- wp:separator {"className":"is-style-wide"} -->
<hr class="wp-block-separator is-style-wide" />
<!-- /wp:separator -->

<!-- wp:heading {"align":"left","level":3} -->
<h3 class="has-text-align-left">Follow My Blog</h3>
<!-- /wp:heading -->

<!-- wp:paragraph {"align":"left"} -->
<p class="has-text-align-left">Get new content delivered directly to your inbox.</p>
<!-- /wp:paragraph -->

<!-- wp:jetpack/subscriptions -->
<div class="wp-block-jetpack-subscriptions">[jetpack_subscription_form show_only_email_and_button="true" custom_background_button_color="undefined" custom_text_button_color="undefined" submit_button_text="Subscribe" submit_button_classes="undefined" show_subscribers_total="false" ]</div>
<!-- /wp:jetpack/subscriptions -->]]></content:encoded>
		<excerpt:encoded><![CDATA[]]></excerpt:encoded>
		<wp:post_id>6</wp:post_id>
		<wp:post_date>2021-07-21 11:53:55</wp:post_date>
		<wp:post_date_gmt>2021-07-21 11:53:55</wp:post_date_gmt>
		<wp:comment_status>closed</wp:comment_status>
		<wp:ping_status>closed</wp:ping_status>
		<wp:post_name>blog</wp:post_name>
		<wp:status>publish</wp:status>
		<wp:post_parent>0</wp:post_parent>
		<wp:menu_order>0</wp:menu_order>
		<wp:post_type>page</wp:post_type>
		<wp:post_password></wp:post_password>
		<wp:is_sticky>0</wp:is_sticky>
		<wp:postmeta>
			<wp:meta_key>_headstart_post</wp:meta_key>
			<wp:meta_value><![CDATA[_hs_extra]]></wp:meta_value>
		</wp:postmeta>
		<wp:postmeta>
			<wp:meta_key>sharing_disabled</wp:meta_key>
			<wp:meta_value><![CDATA[a:1:{i:0;N;}]]></wp:meta_value>
		</wp:postmeta>
		<wp:postmeta>
			<wp:meta_key>switch_like_status</wp:meta_key>
			<wp:meta_value><![CDATA[a:1:{i:0;N;}]]></wp:meta_value>
		</wp:postmeta>
		<wp:postmeta>
			<wp:meta_key>_starter_page_template</wp:meta_key>
			<wp:meta_value><![CDATA[blog]]></wp:meta_value>
		</wp:postmeta>
		<wp:postmeta>
			<wp:meta_key>_wpas_skip_all_services</wp:meta_key>
			<wp:meta_value><![CDATA[1]]></wp:meta_value>
		</wp:postmeta>
		<wp:postmeta>
			<wp:meta_key>_publicize_pending</wp:meta_key>
			<wp:meta_value><![CDATA[1]]></wp:meta_value>
		</wp:postmeta>
		<wp:postmeta>
			<wp:meta_key>_checklist_post_type</wp:meta_key>
			<wp:meta_value><![CDATA[_hs_extra]]></wp:meta_value>
		</wp:postmeta>
	</item>
	<item>
		<title>Introduce Yourself (Example Post)</title>
		<link>https://nafisehfarahzadi.wordpress.com/2021/07/21/example-post-3/</link>
		<pubDate>Wed, 21 Jul 2021 11:53:54 +0000</pubDate>
		<dc:creator>nafisehfarahzadi</dc:creator>
		<guid isPermaLink="false">https://nafisehfarahzadi.wordpress.com/?p=7</guid>
		<description></description>
		<content:encoded><![CDATA[<!-- wp:paragraph -->
<p><em>This is an example post, originally published as part of </em><a href="https://dailypost.wordpress.com/blogging-university/"><em>Blogging University</em></a><em>. Enroll in one of our ten programs, and start your blog right.</em></p>
<!-- /wp:paragraph -->

<!-- wp:paragraph -->
<p>You’re going to publish a post today. Don’t worry about how your blog looks. Don’t worry if you haven’t given it a name yet, or you’re feeling overwhelmed. Just click the “New Post” button, and tell us why you’re here.</p>
<!-- /wp:paragraph -->

<!-- wp:paragraph -->
<p>Why do this? </p>
<!-- /wp:paragraph -->

<!-- wp:list -->
<ul><li>Because it gives new readers context. What are you about? Why should they read your blog?</li><li>Because it will help you focus your own ideas about your blog and what you’d like to do with it. </li></ul>
<!-- /wp:list -->

<!-- wp:paragraph -->
<p>The post can be short or long, a personal intro to your life or a bloggy mission statement, a manifesto for the future or a simple outline of your the types of things you hope to publish.</p>
<!-- /wp:paragraph -->

<!-- wp:paragraph -->
<p>To help you get started, here are a few questions: </p>
<!-- /wp:paragraph -->

<!-- wp:list -->
<ul><li>Why are you blogging publicly, rather than keeping a personal journal?</li><li>What topics do you think you’ll write about?</li><li>Who would you love to connect with via your blog?</li><li>If you blog successfully throughout the next year, what would you hope to have accomplished? </li></ul>
<!-- /wp:list -->

<!-- wp:paragraph -->
<p>You’re not locked into any of this; one of the wonderful things about blogs is how they constantly evolve as we learn, grow, and interact with one another — but it’s good to know where and why you started, and articulating your goals may just give you a few other post ideas.</p>
<!-- /wp:paragraph -->

<!-- wp:paragraph -->
<p>Can’t think how to get started? Just write the first thing that pops into your head. Anne Lamott, author of a book on writing we love, says that you need to give yourself permission to write a “crappy first draft”. Anne makes a great point — just start writing, and worry about editing it later.</p>
<!-- /wp:paragraph -->

<!-- wp:paragraph -->
<p>When you’re ready to publish, give your post three to five tags that describe your blog’s focus — writing, photography, fiction, parenting, food, cars, movies, sports, whatever. These tags will help others who care about your topics find you in the Reader. Make sure one of the tags is “zerotohero,” so other new bloggers can find you, too.</p>
<!-- /wp:paragraph -->]]></content:encoded>
		<excerpt:encoded><![CDATA[]]></excerpt:encoded>
		<wp:post_id>7</wp:post_id>
		<wp:post_date>2021-07-21 11:53:54</wp:post_date>
		<wp:post_date_gmt>2021-07-21 11:53:54</wp:post_date_gmt>
		<wp:comment_status>open</wp:comment_status>
		<wp:ping_status>open</wp:ping_status>
		<wp:post_name>example-post-3</wp:post_name>
		<wp:status>publish</wp:status>
		<wp:post_parent>0</wp:post_parent>
		<wp:menu_order>0</wp:menu_order>
		<wp:post_type>post</wp:post_type>
		<wp:post_password></wp:post_password>
		<wp:is_sticky>0</wp:is_sticky>
		<category domain="category" nicename="uncategorized"><![CDATA[Uncategorized]]></category>
		<wp:postmeta>
			<wp:meta_key>_headstart_post</wp:meta_key>
			<wp:meta_value><![CDATA[_hs_extra]]></wp:meta_value>
		</wp:postmeta>
		<wp:postmeta>
			<wp:meta_key>sharing_disabled</wp:meta_key>
			<wp:meta_value><![CDATA[a:1:{i:0;N;}]]></wp:meta_value>
		</wp:postmeta>
		<wp:postmeta>
			<wp:meta_key>switch_like_status</wp:meta_key>
			<wp:meta_value><![CDATA[a:1:{i:0;N;}]]></wp:meta_value>
		</wp:postmeta>
		<wp:postmeta>
			<wp:meta_key>_starter_page_template</wp:meta_key>
			<wp:meta_value><![CDATA[]]></wp:meta_value>
		</wp:postmeta>
		<wp:postmeta>
			<wp:meta_key>_wpas_skip_all_services</wp:meta_key>
			<wp:meta_value><![CDATA[1]]></wp:meta_value>
		</wp:postmeta>
		<wp:postmeta>
			<wp:meta_key>_publicize_pending</wp:meta_key>
			<wp:meta_value><![CDATA[1]]></wp:meta_value>
		</wp:postmeta>
	</item>
	<item>
		<title></title>
		<link>https://nafisehfarahzadi.wordpress.com/2021/07/21/11/</link>
		<pubDate>Wed, 21 Jul 2021 11:58:56 +0000</pubDate>
		<dc:creator>nafisehfarahzadi</dc:creator>
		<guid isPermaLink="false">https://nafisehfarahzadi.wordpress.com/2021/07/21/11/</guid>
		<description></description>
		<content:encoded><![CDATA[ ]]></content:encoded>
		<excerpt:encoded><![CDATA[]]></excerpt:encoded>
		<wp:post_id>11</wp:post_id>
		<wp:post_date>2021-07-21 11:58:56</wp:post_date>
		<wp:post_date_gmt>2021-07-21 11:58:56</wp:post_date_gmt>
		<wp:comment_status>closed</wp:comment_status>
		<wp:ping_status>closed</wp:ping_status>
		<wp:post_name>11</wp:post_name>
		<wp:status>publish</wp:status>
		<wp:post_parent>0</wp:post_parent>
		<wp:menu_order>1</wp:menu_order>
		<wp:post_type>nav_menu_item</wp:post_type>
		<wp:post_password></wp:post_password>
		<wp:is_sticky>0</wp:is_sticky>
		<category domain="nav_menu" nicename="primary"><![CDATA[Primary]]></category>
		<wp:postmeta>
			<wp:meta_key>_publicize_pending</wp:meta_key>
			<wp:meta_value><![CDATA[1]]></wp:meta_value>
		</wp:postmeta>
		<wp:postmeta>
			<wp:meta_key>_menu_item_type</wp:meta_key>
			<wp:meta_value><![CDATA[post_type]]></wp:meta_value>
		</wp:postmeta>
		<wp:postmeta>
			<wp:meta_key>_menu_item_menu_item_parent</wp:meta_key>
			<wp:meta_value><![CDATA[0]]></wp:meta_value>
		</wp:postmeta>
		<wp:postmeta>
			<wp:meta_key>_menu_item_object_id</wp:meta_key>
			<wp:meta_value><![CDATA[5]]></wp:meta_value>
		</wp:postmeta>
		<wp:postmeta>
			<wp:meta_key>_menu_item_object</wp:meta_key>
			<wp:meta_value><![CDATA[page]]></wp:meta_value>
		</wp:postmeta>
		<wp:postmeta>
			<wp:meta_key>_menu_item_target</wp:meta_key>
			<wp:meta_value><![CDATA[]]></wp:meta_value>
		</wp:postmeta>
		<wp:postmeta>
			<wp:meta_key>_menu_item_classes</wp:meta_key>
			<wp:meta_value><![CDATA[a:1:{i:0;s:0:"";}]]></wp:meta_value>
		</wp:postmeta>
		<wp:postmeta>
			<wp:meta_key>_menu_item_xfn</wp:meta_key>
			<wp:meta_value><![CDATA[]]></wp:meta_value>
		</wp:postmeta>
		<wp:postmeta>
			<wp:meta_key>_menu_item_url</wp:meta_key>
			<wp:meta_value><![CDATA[]]></wp:meta_value>
		</wp:postmeta>
		<wp:postmeta>
			<wp:meta_key>_menu_item_content</wp:meta_key>
			<wp:meta_value><![CDATA[]]></wp:meta_value>
		</wp:postmeta>
	</item>
	<item>
		<title>Placeholder Image</title>
		<link>https://nafisehfarahzadi.wordpress.com/placeholder-image/</link>
		<pubDate>Wed, 21 Jul 2021 11:58:58 +0000</pubDate>
		<dc:creator>nafisehfarahzadi</dc:creator>
		<guid isPermaLink="false">http://nafisehfarahzadi.files.wordpress.com/2021/07/qi-bin-w4hbafegiac-unsplash.jpg</guid>
		<description></description>
		<content:encoded><![CDATA[]]></content:encoded>
		<excerpt:encoded><![CDATA[]]></excerpt:encoded>
		<wp:post_id>13</wp:post_id>
		<wp:post_date>2021-07-21 16:28:58</wp:post_date>
		<wp:post_date_gmt>2021-07-21 11:58:58</wp:post_date_gmt>
		<wp:comment_status>open</wp:comment_status>
		<wp:ping_status>closed</wp:ping_status>
		<wp:post_name>placeholder-image</wp:post_name>
		<wp:status>inherit</wp:status>
		<wp:post_parent>0</wp:post_parent>
		<wp:menu_order>0</wp:menu_order>
		<wp:post_type>attachment</wp:post_type>
		<wp:post_password></wp:post_password>
		<wp:is_sticky>0</wp:is_sticky>
		<wp:attachment_url>https://nafisehfarahzadi.files.wordpress.com/2021/07/qi-bin-w4hbafegiac-unsplash.jpg</wp:attachment_url>
		<wp:postmeta>
			<wp:meta_key>_wp_attached_file</wp:meta_key>
			<wp:meta_value><![CDATA[/home/wpcom/public_html/wp-content/blogs.dir/250/195746736/files/2021/07/qi-bin-w4hbafegiac-unsplash.jpg]]></wp:meta_value>
		</wp:postmeta>
		<wp:postmeta>
			<wp:meta_key>_wp_attachment_metadata</wp:meta_key>
			<wp:meta_value><![CDATA[a:6:{s:5:"width";i:1600;s:6:"height";i:1066;s:4:"file";s:104:"/home/wpcom/public_html/wp-content/blogs.dir/250/195746736/files/2021/07/qi-bin-w4hbafegiac-unsplash.jpg";s:5:"sizes";a:0:{}s:10:"image_meta";a:12:{s:8:"aperture";s:1:"0";s:6:"credit";s:0:"";s:6:"camera";s:0:"";s:7:"caption";s:0:"";s:17:"created_timestamp";s:1:"0";s:9:"copyright";s:0:"";s:12:"focal_length";s:1:"0";s:3:"iso";s:1:"0";s:13:"shutter_speed";s:1:"0";s:5:"title";s:0:"";s:11:"orientation";s:1:"0";s:8:"keywords";a:0:{}}s:8:"filesize";i:50992;}]]></wp:meta_value>
		</wp:postmeta>
	</item>
	<item>
		<title>CV</title>
		<link>https://nafisehfarahzadi.wordpress.com/cv/</link>
		<pubDate>Tue, 03 Aug 2021 18:52:45 +0000</pubDate>
		<dc:creator>nafisehfarahzadi</dc:creator>
		<guid isPermaLink="false">https://nafisehfarahzadi.wordpress.com/?page_id=18</guid>
		<description></description>
		<content:encoded><![CDATA[]]></content:encoded>
		<excerpt:encoded><![CDATA[]]></excerpt:encoded>
		<wp:post_id>18</wp:post_id>
		<wp:post_date>2021-08-03 23:22:45</wp:post_date>
		<wp:post_date_gmt>2021-08-03 18:52:45</wp:post_date_gmt>
		<wp:comment_status>closed</wp:comment_status>
		<wp:ping_status>closed</wp:ping_status>
		<wp:post_name>cv</wp:post_name>
		<wp:status>publish</wp:status>
		<wp:post_parent>0</wp:post_parent>
		<wp:menu_order>0</wp:menu_order>
		<wp:post_type>page</wp:post_type>
		<wp:post_password></wp:post_password>
		<wp:is_sticky>0</wp:is_sticky>
		<wp:postmeta>
			<wp:meta_key>_publicize_pending</wp:meta_key>
			<wp:meta_value><![CDATA[1]]></wp:meta_value>
		</wp:postmeta>
		<wp:postmeta>
			<wp:meta_key>_customize_changeset_uuid</wp:meta_key>
			<wp:meta_value><![CDATA[6efa7780-e5dd-49b8-9a1f-d1465f088dbe]]></wp:meta_value>
		</wp:postmeta>
	</item>
	<item>
		<title>Projects</title>
		<link>https://nafisehfarahzadi.wordpress.com/projects/</link>
		<pubDate>Tue, 03 Aug 2021 18:52:47 +0000</pubDate>
		<dc:creator>nafisehfarahzadi</dc:creator>
		<guid isPermaLink="false">https://nafisehfarahzadi.wordpress.com/?page_id=20</guid>
		<description></description>
		<content:encoded><![CDATA[]]></content:encoded>
		<excerpt:encoded><![CDATA[]]></excerpt:encoded>
		<wp:post_id>20</wp:post_id>
		<wp:post_date>2021-08-03 23:22:47</wp:post_date>
		<wp:post_date_gmt>2021-08-03 18:52:47</wp:post_date_gmt>
		<wp:comment_status>closed</wp:comment_status>
		<wp:ping_status>closed</wp:ping_status>
		<wp:post_name>projects</wp:post_name>
		<wp:status>publish</wp:status>
		<wp:post_parent>0</wp:post_parent>
		<wp:menu_order>0</wp:menu_order>
		<wp:post_type>page</wp:post_type>
		<wp:post_password></wp:post_password>
		<wp:is_sticky>0</wp:is_sticky>
		<wp:postmeta>
			<wp:meta_key>_publicize_pending</wp:meta_key>
			<wp:meta_value><![CDATA[1]]></wp:meta_value>
		</wp:postmeta>
		<wp:postmeta>
			<wp:meta_key>_customize_changeset_uuid</wp:meta_key>
			<wp:meta_value><![CDATA[6efa7780-e5dd-49b8-9a1f-d1465f088dbe]]></wp:meta_value>
		</wp:postmeta>
	</item>
	<item>
		<title></title>
		<link>https://nafisehfarahzadi.wordpress.com/2021/08/03/23/</link>
		<pubDate>Tue, 03 Aug 2021 18:52:50 +0000</pubDate>
		<dc:creator>nafisehfarahzadi</dc:creator>
		<guid isPermaLink="false">https://nafisehfarahzadi.wordpress.com/2021/08/03/23/</guid>
		<description></description>
		<content:encoded><![CDATA[ ]]></content:encoded>
		<excerpt:encoded><![CDATA[]]></excerpt:encoded>
		<wp:post_id>23</wp:post_id>
		<wp:post_date>2021-08-03 23:22:50</wp:post_date>
		<wp:post_date_gmt>2021-08-03 18:52:50</wp:post_date_gmt>
		<wp:comment_status>closed</wp:comment_status>
		<wp:ping_status>closed</wp:ping_status>
		<wp:post_name>23</wp:post_name>
		<wp:status>publish</wp:status>
		<wp:post_parent>0</wp:post_parent>
		<wp:menu_order>2</wp:menu_order>
		<wp:post_type>nav_menu_item</wp:post_type>
		<wp:post_password></wp:post_password>
		<wp:is_sticky>0</wp:is_sticky>
		<category domain="nav_menu" nicename="primary"><![CDATA[Primary]]></category>
		<wp:postmeta>
			<wp:meta_key>_menu_item_object</wp:meta_key>
			<wp:meta_value><![CDATA[page]]></wp:meta_value>
		</wp:postmeta>
		<wp:postmeta>
			<wp:meta_key>_menu_item_object_id</wp:meta_key>
			<wp:meta_value><![CDATA[18]]></wp:meta_value>
		</wp:postmeta>
		<wp:postmeta>
			<wp:meta_key>_menu_item_menu_item_parent</wp:meta_key>
			<wp:meta_value><![CDATA[0]]></wp:meta_value>
		</wp:postmeta>
		<wp:postmeta>
			<wp:meta_key>_menu_item_type</wp:meta_key>
			<wp:meta_value><![CDATA[post_type]]></wp:meta_value>
		</wp:postmeta>
		<wp:postmeta>
			<wp:meta_key>_publicize_pending</wp:meta_key>
			<wp:meta_value><![CDATA[1]]></wp:meta_value>
		</wp:postmeta>
		<wp:postmeta>
			<wp:meta_key>_menu_item_target</wp:meta_key>
			<wp:meta_value><![CDATA[]]></wp:meta_value>
		</wp:postmeta>
		<wp:postmeta>
			<wp:meta_key>_menu_item_classes</wp:meta_key>
			<wp:meta_value><![CDATA[a:1:{i:0;s:0:"";}]]></wp:meta_value>
		</wp:postmeta>
		<wp:postmeta>
			<wp:meta_key>_menu_item_xfn</wp:meta_key>
			<wp:meta_value><![CDATA[]]></wp:meta_value>
		</wp:postmeta>
		<wp:postmeta>
			<wp:meta_key>_menu_item_url</wp:meta_key>
			<wp:meta_value><![CDATA[]]></wp:meta_value>
		</wp:postmeta>
		<wp:postmeta>
			<wp:meta_key>_menu_item_content</wp:meta_key>
			<wp:meta_value><![CDATA[]]></wp:meta_value>
		</wp:postmeta>
	</item>
	<item>
		<title></title>
		<link>https://nafisehfarahzadi.wordpress.com/2021/08/03/24/</link>
		<pubDate>Tue, 03 Aug 2021 18:52:53 +0000</pubDate>
		<dc:creator>nafisehfarahzadi</dc:creator>
		<guid isPermaLink="false">https://nafisehfarahzadi.wordpress.com/2021/08/03/24/</guid>
		<description></description>
		<content:encoded><![CDATA[ ]]></content:encoded>
		<excerpt:encoded><![CDATA[]]></excerpt:encoded>
		<wp:post_id>24</wp:post_id>
		<wp:post_date>2021-08-03 23:22:53</wp:post_date>
		<wp:post_date_gmt>2021-08-03 18:52:53</wp:post_date_gmt>
		<wp:comment_status>closed</wp:comment_status>
		<wp:ping_status>closed</wp:ping_status>
		<wp:post_name>24</wp:post_name>
		<wp:status>publish</wp:status>
		<wp:post_parent>0</wp:post_parent>
		<wp:menu_order>3</wp:menu_order>
		<wp:post_type>nav_menu_item</wp:post_type>
		<wp:post_password></wp:post_password>
		<wp:is_sticky>0</wp:is_sticky>
		<category domain="nav_menu" nicename="primary"><![CDATA[Primary]]></category>
		<wp:postmeta>
			<wp:meta_key>_publicize_pending</wp:meta_key>
			<wp:meta_value><![CDATA[1]]></wp:meta_value>
		</wp:postmeta>
		<wp:postmeta>
			<wp:meta_key>_menu_item_type</wp:meta_key>
			<wp:meta_value><![CDATA[post_type]]></wp:meta_value>
		</wp:postmeta>
		<wp:postmeta>
			<wp:meta_key>_menu_item_menu_item_parent</wp:meta_key>
			<wp:meta_value><![CDATA[0]]></wp:meta_value>
		</wp:postmeta>
		<wp:postmeta>
			<wp:meta_key>_menu_item_object_id</wp:meta_key>
			<wp:meta_value><![CDATA[20]]></wp:meta_value>
		</wp:postmeta>
		<wp:postmeta>
			<wp:meta_key>_menu_item_object</wp:meta_key>
			<wp:meta_value><![CDATA[page]]></wp:meta_value>
		</wp:postmeta>
		<wp:postmeta>
			<wp:meta_key>_menu_item_target</wp:meta_key>
			<wp:meta_value><![CDATA[]]></wp:meta_value>
		</wp:postmeta>
		<wp:postmeta>
			<wp:meta_key>_menu_item_classes</wp:meta_key>
			<wp:meta_value><![CDATA[a:1:{i:0;s:0:"";}]]></wp:meta_value>
		</wp:postmeta>
		<wp:postmeta>
			<wp:meta_key>_menu_item_xfn</wp:meta_key>
			<wp:meta_value><![CDATA[]]></wp:meta_value>
		</wp:postmeta>
		<wp:postmeta>
			<wp:meta_key>_menu_item_url</wp:meta_key>
			<wp:meta_value><![CDATA[]]></wp:meta_value>
		</wp:postmeta>
		<wp:postmeta>
			<wp:meta_key>_menu_item_content</wp:meta_key>
			<wp:meta_value><![CDATA[]]></wp:meta_value>
		</wp:postmeta>
	</item>
</channel>
</rss>
